trade_id,pair,type,strike,maturity,notional,spot,r_dom,r_for,vol
FXO-001,EURUSD,call,1.1800,0.25,14000000,1.1650,0.0400,0.0200,0.075
FXO-002,EURUSD,put,1.1400,0.25,6000000,1.1650,0.0400,0.0200,0.078
FXO-003,EURUSD,call,1.2000,1.00,-12000000,1.1650,0.0390,0.0210,0.080
FXO-004,USDJPY,put,145.00,0.50,7000000,148.50,0.0050,0.0400,0.105
FXO-005,USDJPY,call,152.00,0.50,9000000,148.50,0.0050,0.0400,0.098
FXO-006,GBPUSD,call,1.3500,0.0833,4000000,1.3450,0.0400,0.0400,0.080
FXO-007,GBPUSD,put,1.3200,0.25,4000000,1.3450,0.0400,0.0400,0.084
FXO-008,AUDUSD,put,0.6500,0.50,3000000,0.6600,0.0400,0.0360,0.100
FXO-009,USDCAD,call,1.4000,0.25,5000000,1.3900,0.0275,0.0400,0.060
FXO-010,EURGBP,call,0.8700,0.25,3000000,0.8660,0.0400,0.0200,0.055
